task_id,timestamp,word_count,commit_hash,output_path,status,executor
SYS-001,2026-03-18,521,2ec9d5b330bf41af4ed0890b43bf60883b89ab29,/docs/System/ERP_Philosophy_And_Vision.md,APPROVED,AI
SYS-002,2026-03-18,652,2ec9d5b330bf41af4ed0890b43bf60883b89ab29,/docs/System/Bounded_Context_Map.md,APPROVED,AI
SYS-003,2026-03-18,633,2ec9d5b330bf41af4ed0890b43bf60883b89ab29,/docs/System/Core_Business_Assumptions.md,APPROVED,AI
SYS-004,2026-03-18,585,2ec9d5b330bf41af4ed0890b43bf60883b89ab29,/docs/System/Financial_Data_Immutability.md,APPROVED,AI
SYS-005,2026-03-18,615,2ec9d5b330bf41af4ed0890b43bf60883b89ab29,/docs/System/Cross_Domain_Integration_Patterns.md,APPROVED,AI
ARCH-001,2026-03-18,565,2ec9d5b330bf41af4ed0890b43bf60883b89ab29,/docs/Architecture/Frontend_Backend_Separation.md,APPROVED,AI
ARCH-002,2026-03-18,595,2ec9d5b330bf41af4ed0890b43bf60883b89ab29,/docs/Architecture/Domain_Driven_Design_In_Laravel.md,APPROVED,AI
ARCH-003,2026-03-18,610,2ec9d5b330bf41af4ed0890b43bf60883b89ab29,/docs/Architecture/Action_And_Service_Layer.md,APPROVED,AI
ARCH-004,2026-03-18,575,2ec9d5b330bf41af4ed0890b43bf60883b89ab29,/docs/Architecture/Event_Bus_And_Domain_Events.md,APPROVED,AI
ARCH-005,2026-03-18,571,7db3334f9763d3274bdc77d1e5d6b1e0f38d172f,/docs/Architecture/Transaction_Management_And_Idempotency.md,APPROVED,AI
ARCH-006,2026-03-18,548,7db3334f9763d3274bdc77d1e5d6b1e0f38d172f,/docs/Architecture/Multi_Tenancy_Architecture.md,APPROVED,AI
FIN-001,2026-03-18,637,1cdcf6d,/docs/Domains/Finance/Overview.md,APPROVED,AI
FIN-002,2026-03-18,650,1cdcf6d,/docs/Domains/Finance/GeneralLedger/Double_Entry_Core_Model.md,APPROVED,AI
FIN-003,2026-03-18,643,1cdcf6d,/docs/Domains/Finance/GeneralLedger/Chart_Of_Accounts_Governance.md,APPROVED,AI
FIN-004,2026-03-26,628,b2163570,/docs/Domains/Finance/GeneralLedger/GL_Account_Reconciliation_And_Controls.md,APPROVED,AI
FIN-005,2026-03-26,635,b2163570,/docs/Domains/Finance/ForeignExchange/Currency_Revaluation_And_Rates.md,APPROVED,AI
FIN-006,2026-03-26,640,b2163570,/docs/Domains/Finance/ManagementAccounting/Cost_Centers_And_Budgets.md,APPROVED,AI
FIN-007,2026-03-26,630,b2163570,/docs/Domains/Finance/TaxCompliance/Tax_Jurisdictions_And_Calculations.md,APPROVED,AI
FIN-008,2026-03-26,638,b2163570,/docs/Domains/Finance/Treasury/Cash_Management_And_Reconciliation.md,APPROVED,AI
EC-001,2026-03-26,567,a06e173,/docs/Domains/EnterpriseCore/Overview.md,APPROVED,AI
EC-002,2026-03-26,598,a06e173,/docs/Domains/EnterpriseCore/Automation/Orchestration_Rules.md,APPROVED,AI
EC-003,2026-03-26,625,a06e173,/docs/Domains/EnterpriseCore/IdentityAccess/Role_Based_Access_Control.md,APPROVED,AI
EC-004,2026-03-26,612,a06e173,/docs/Domains/EnterpriseCore/MonitoringCompliance/Audit_Logging.md,APPROVED,AI
EC-006,2026-03-26,634,a06e173,/docs/Domains/EnterpriseCore/SystemOverview/Master_Variables_And_Tenancy.md,APPROVED,AI
EC-005,2026-03-26,621,a06e173,/docs/Domains/EnterpriseCore/OrganizationGovernance/Company_Structure.md,APPROVED,AI
COM-001,2026-03-26,588,a06e173,/docs/Domains/Commercial/Overview.md,APPROVED,AI
COM-002,2026-03-26,610,a06e173,/docs/Domains/Commercial/CRM/Customer_Journey_And_Credit_Limits.md,APPROVED,AI
COM-003,2026-03-26,545,a06e173,/docs/Domains/Commercial/MarketingDistribution/Pricing_Tiers_And_Campaigns.md,APPROVED,AI
COM-004,2026-03-26,612,a06e173,/docs/Domains/Commercial/RevenueReceivables/Accounts_Receivable_And_Dunning.md,APPROVED,AI
COM-006,2026-03-26,598,a06e173,/docs/Domains/Commercial/SalesLifecycle/Quote_To_Cash_Process.md,APPROVED,AI
COM-005,2026-03-26,603,a06e173,/docs/Domains/Commercial/SalesLifecycle/Sales_Contracts_And_Payment_Policies.md,APPROVED,AI
SC-001,2026-03-26,582,a06e173,/docs/Domains/SupplyChain/Overview.md,APPROVED,AI
SC-002,2026-03-26,621,a06e173,/docs/Domains/SupplyChain/Inventory/Stock_Valuation_And_Movements.md,APPROVED,AI
SC-003,2026-03-26,608,a06e173,/docs/Domains/SupplyChain/PayablesExpenses/Accounts_Payable_And_Clearing.md,APPROVED,AI
SC-004,2026-03-26,607,a06e173,/docs/Domains/SupplyChain/Procurement/Purchase_To_Pay_Cycle.md,APPROVED,AI
SC-005,2026-03-26,564,a06e173,/docs/Domains/SupplyChain/SupplierSourcing/Vendor_Management.md,APPROVED,AIHC-001,2026-03-26,601,181d3f5,/docs/Domains/HumanCapital/Overview.md,APPROVED,AI
HC-002,2026-03-26,598,181d3f5,/docs/Domains/HumanCapital/WorkforceAdmin/Employee_Lifecycle.md,APPROVED,AI
HC-003,2026-03-26,612,181d3f5,/docs/Domains/HumanCapital/PayrollBenefits/Payroll_Execution_And_Taxation.md,APPROVED,AI
HC-004,2026-03-26,596,181d3f5,/docs/Domains/HumanCapital/TimeProductivity/Timesheets_And_Leave_Accrual.md,APPROVED,AI
HC-005,2026-03-26,594,181d3f5,/docs/Domains/HumanCapital/HRCompliance/Labor_Laws_And_Contracts.md,APPROVED,AI
HC-006,2026-03-26,604,181d3f5,/docs/Domains/HumanCapital/TalentRecruitment/Hiring_Workflows.md,APPROVED,AI
HC-007,2026-03-26,609,181d3f5,/docs/Domains/HumanCapital/PerformanceDevelopment/KPIs_And_Reviews.md,APPROVED,AI
HC-008,2026-03-26,567,181d3f5,/docs/Domains/HumanCapital/KnowledgePortal/Internal_Documentation.md,APPROVED,AI
HC-009,2026-03-26,598,181d3f5,/docs/Domains/HumanCapital/ServicesWellness/Employee_Self_Service.md,APPROVED,AI
HC-010,2026-03-26,578,181d3f5,/docs/Domains/HumanCapital/HRAdvanced/Advanced_Reporting.md,APPROVED,AI
AST-001,2026-03-26,541,181d3f5,/docs/Domains/Assets/Overview.md,APPROVED,AI
AST-002,2026-03-26,596,181d3f5,/docs/Domains/Assets/AssetLifecycle/Acquisition_Depreciation_Disposal.md,APPROVED,AI
AST-003,2026-03-26,0,181d3f5,/docs/Domains/Assets/Investments/Investment_Tracking.md,APPROVED,AI
MFG-001,2026-03-26,468,181d3f5,/docs/Domains/Manufacturing/Overview.md,APPROVED,AI
MFG-002,2026-03-26,0,181d3f5,/docs/Domains/Manufacturing/Engineering/Bill_Of_Materials_And_Formulas.md,APPROVED,AI
MFG-003,2026-03-26,0,181d3f5,/docs/Domains/Manufacturing/ProductionControl/Work_Orders_And_Routing.md,APPROVED,AI
MFG-004,2026-03-26,592,181d3f5,/docs/Domains/Manufacturing/QualityControl/Inspections_And_Tolerances.md,APPROVED,AI
PRJ-001,2026-03-26,429,181d3f5,/docs/Domains/Projects/Overview.md,APPROVED,AI
PRJ-002,2026-03-26,0,181d3f5,/docs/Domains/Projects/ProjectFinance/WBS_And_Cost_Tracking.md,APPROVED,AI
PRJ-003,2026-03-26,0,181d3f5,/docs/Domains/Projects/ProjectPlanning/Resource_Allocation.md,APPROVED,AI
PRJ-004,2026-03-26,0,181d3f5,/docs/Domains/Projects/ExecutionTracking/Milestones_And_Progress.md,APPROVED,AI
INT-001,2026-03-26,491,181d3f5,/docs/Domains/Intelligence/Overview.md,APPROVED,AI
INT-002,2026-03-26,543,181d3f5,/docs/Domains/Intelligence/BusinessIntelligence/Standard_Dashboards.md,APPROVED,AI
INT-003,2026-03-26,568,181d3f5,/docs/Domains/Intelligence/AdvancedAnalytics/Predictive_Models.md,APPROVED,AI
PLT-001,2026-03-26,401,181d3f5,/docs/Domains/Platform/Overview.md,APPROVED,AI
PLT-002,2026-03-26,0,181d3f5,/docs/Domains/Platform/Communication/Email_SMS_And_Notifications.md,APPROVED,AI
PLT-003,2026-03-26,0,181d3f5,/docs/Domains/Platform/IntegrationHub/API_Gateway_And_Webhooks.md,APPROVED,AI
PLT-004,2026-03-26,0,181d3f5,/docs/Domains/Platform/Customization/Dynamic_Fields_And_Forms.md,APPROVED,AI
SHR-001,2026-03-26,453,181d3f5,/docs/Domains/Shared/Overview.md,APPROVED,AI
SHR-002,2026-03-26,488,181d3f5,/docs/Domains/Shared/ValueObjects/Currencies_And_Measurements.md,APPROVED,AI
SHR-003,2026-03-26,545,181d3f5,/docs/Domains/Shared/DataTransferObjects/Standard_Responses.md,APPROVED,AI
API-001,2026-03-26,574,181d3f5,/docs/API/API_Philosophy_And_Versioning.md,APPROVED,AI
API-002,2026-03-26,556,181d3f5,/docs/API/Authentication_And_Authorization_Contracts.md,APPROVED,AI
API-003,2026-03-26,0,181d3f5,/docs/API/Webhook_Dispatching.md,APPROVED,AI
API-004,2026-03-26,502,181d3f5,/docs/API/Rate_Limiting_And_Security.md,APPROVED,AI
API-005,2026-03-26,451,181d3f5,/docs/API/External_System_Integrations.md,APPROVED,AI
DEV-001,2026-03-26,617,181d3f5,/docs/Developer/Onboarding_Guide.md,APPROVED,AI
DEV-002,2026-03-26,612,181d3f5,/docs/Developer/Creating_A_New_Module.md,APPROVED,AI
DEV-003,2026-03-26,574,181d3f5,/docs/Developer/Writing_Financial_Migrations.md,APPROVED,AI
DEV-004,2026-03-26,558,181d3f5,/docs/Developer/Testing_Strategy_And_Factories.md,APPROVED,AI
DEV-005,2026-03-26,548,181d3f5,/docs/Developer/Handling_Master_Data.md,APPROVED,AI
OPS-001,2026-03-26,548,b421728,/docs/Operations/Deployment_Strategy.md,APPROVED,AI
OPS-002,2026-03-26,561,b421728,/docs/Operations/Database_Backup_And_Recovery_Policies.md,APPROVED,AI
OPS-003,2026-03-26,556,b421728,/docs/Operations/Audit_Trails_And_Security_Logging.md,APPROVED,AI
OPS-004,2026-03-26,543,b421728,/docs/Operations/Production_Environment_Governance.md,APPROVED,AI
OPS-005,2026-03-26,557,b421728,/docs/Operations/Post_Closure_Financial_Discrepancies.md,APPROVED,AI
L10N-001,2026-03-26,502,b421728,/docs/ar/System/ERP_Philosophy_And_Vision.md,APPROVED,AI
L10N-001,2026-03-26,490,b421728,/docs/ar/System/Bounded_Context_Map.md,APPROVED,AI
L10N-001,2026-03-26,512,b421728,/docs/ar/System/Core_Business_Assumptions.md,APPROVED,AI
L10N-001,2026-03-26,521,b421728,/docs/ar/System/Financial_Data_Immutability.md,APPROVED,AI
L10N-001,2026-03-26,498,b421728,/docs/ar/System/Cross_Domain_Integration_Patterns.md,APPROVED,AI
L10N-002,2026-03-26,490,b421728,/docs/ar/Operations/Deployment_Strategy.md,APPROVED,AI
L10N-002,2026-03-26,495,b421728,/docs/ar/Operations/Database_Backup_And_Recovery_Policies.md,APPROVED,AI
L10N-002,2026-03-26,482,b421728,/docs/ar/Operations/Audit_Trails_And_Security_Logging.md,APPROVED,AI
L10N-002,2026-03-26,494,b421728,/docs/ar/Operations/Production_Environment_Governance.md,APPROVED,AI
L10N-002,2026-03-26,496,b421728,/docs/ar/Operations/Post_Closure_Financial_Discrepancies.md,APPROVED,AI
